-- Insert Movies

INSERT INTO Movies (Title, Genre, ReleaseYear) VALUES
('Joker', 'Drama', 2019),
('Inception', 'Sci-Fi', 2010),
('Titanic', 'Romance', 1997),
('The Matrix', 'Sci-Fi', 1999),
('La La Land', 'Musical', 2016),
('Interstellar', 'Sci-Fi', 2014),
('Forrest Gump', 'Drama', 1994),
('Avengers: Endgame', 'Action', 2019),
('The Dark Knight', 'Action', 2008),
('Parasite', 'Thriller', 2019),
('Edge of Tomorrow', 'Action', 2014),
('Eternal Sunshine', 'Romance', 2004),
('Blade Runner 2049', 'Sci-Fi', 2017),
('Inside Out', 'Animation', 2015),
('The Prestige', 'Drama', 2006),
('Get Out', 'Thriller', 2017),
('The Lion King', 'Animation', 1994),
('Gladiator', 'Action', 2000),
('Coco', 'Musical', 2017),
('Black Panther', 'Action', 2018),
('The Grand Budapest Hotel', 'Comedy', 2014),
('Gone Girl', 'Thriller', 2014),
('The Social Network', 'Drama', 2010),
('The Revenant', 'Action', 2015),
('1917', 'Drama', 2019),
('Bohemian Rhapsody', 'Musical', 2018),
('The Theory of Everything', 'Drama', 2014),
('The Imitation Game', 'Drama', 2014),
('Arrival', 'Sci-Fi', 2016),
('Soul', 'Animation', 2020),
('Jumanji: Welcome to the Jungle', 'Adventure', 2017),
('Knives Out', 'Thriller', 2019),
('No Time to Die', 'Action', 2021),
('The Irishman', 'Drama', 2019),
('The Shape of Water', 'Fantasy', 2017),
('Dune', 'Sci-Fi', 2021),
('Turning Red', 'Animation', 2022),
('The Banshees of Inisherin', 'Drama', 2022),
('Top Gun: Maverick', 'Action', 2022),
('Everything Everywhere All at Once', 'Sci-Fi', 2022),
('Minari', 'Drama', 2020),
('Sound of Metal', 'Drama', 2019),
('Encanto', 'Musical', 2021),
('Frozen II', 'Animation', 2019),
('The Batman', 'Action', 2022),
('Doctor Strange', 'Action', 2016),
('The Menu', 'Thriller', 2022),
('The Whale', 'Drama', 2022),
('Oppenheimer', 'Drama', 2023),
('Barbie', 'Comedy', 2023);


-- Insert Users

INSERT INTO Users (Name, Age, Location) VALUES
('Ravi', 26, 'Bangalore'),
('Anjali', 23, 'Mumbai'),
('Kiran', 30, 'Chennai'),
('Suresh', 28, 'Hyderabad'),
('Meera', 25, 'Pune'),
('Arjun', 35, 'Delhi'),
('Neha', 27, 'Kolkata'),
('Vikram', 32, 'Ahmedabad'),
('Priya', 29, 'Jaipur'),
('Amit', 24, 'Lucknow'),
('Tarun', 34, 'Nagpur'),
('Isha', 22, 'Surat'),
('Rajeev', 31, 'Bhopal'),
('Swati', 28, 'Indore'),
('Farhan', 27, 'Vadodara'),
('Pooja', 25, 'Raipur'),
('Deepak', 40, 'Ranchi'),
('Kavita', 33, 'Guwahati'),
('Mohit', 29, 'Chandigarh'),
('Shruti', 26, 'Thane'),
('Rakesh', 38, 'Patna'),
('Simran', 24, 'Gwalior'),
('Harish', 36, 'Jodhpur'),
('Meghna', 30, 'Amritsar'),
('Nitin', 28, 'Kanpur'),
('Reema', 23, 'Agra'),
('Manoj', 35, 'Dehradun'),
('Tanvi', 21, 'Nashik'),
('Ajay', 39, 'Meerut'),
('Preeti', 32, 'Varanasi'),
('Arvind', 41, 'Coimbatore'),
('Bhavana', 29, 'Vijayawada'),
('Gaurav', 26, 'Mysore'),
('Divya', 27, 'Rajkot'),
('Satish', 34, 'Jabalpur'),
('Nisha', 22, 'Hubli'),
('Sanjay', 33, 'Udaipur'),
('Aarti', 25, 'Kozhikode'),
('Rohan', 28, 'Trichy'),
('Kiran', 31, 'Belgaum'),
('Sneha', 30, 'Thrissur'),
('Prakash', 42, 'Tirupati'),
('Neelam', 35, 'Warangal'),
('Kamal', 37, 'Mangalore'),
('Ayesha', 24, 'Solapur'),
('Ritu', 26, 'Amravati'),
('Jitendra', 39, 'Kakinada'),
('Shalini', 30, 'Nanded'),
('Yogesh', 29, 'Bhavnagar'),
('Alok', 36, 'Guntur');


-- Insert Ratings

INSERT INTO Ratings (MovieID, UserID, Rating, RatingDate) VALUES
(17, 22, 4.5, '2025-07-05'),
(4, 13, 4.1, '2025-07-03'),
(39, 9, 3.9, '2025-07-04'),
(11, 30, 4.7, '2025-07-07'),
(25, 2, 4.3, '2025-07-02'),
(6, 18, 4.6, '2025-07-01'),
(48, 33, 3.8, '2025-07-06'),
(15, 47, 4.9, '2025-07-03'),
(29, 5, 4.4, '2025-07-08'),
(19, 12, 4.2, '2025-07-05'),
(8, 26, 3.7, '2025-07-02'),
(33, 21, 4.5, '2025-07-10'),
(42, 1, 4.6, '2025-07-04'),
(12, 35, 4.3, '2025-07-09'),
(2, 49, 3.9, '2025-07-01'),
(40, 14, 4.8, '2025-07-07'),
(21, 8, 4.1, '2025-07-03'),
(46, 39, 4.0, '2025-07-06'),
(9, 44, 4.7, '2025-07-05'),
(30, 7, 4.4, '2025-07-10'),
(1, 25, 4.6, '2025-07-08'),
(36, 19, 3.8, '2025-07-02'),
(14, 28, 4.2, '2025-07-04'),
(38, 11, 4.9, '2025-07-09'),
(22, 36, 3.6, '2025-07-07'),
(13, 20, 4.5, '2025-07-05'),
(41, 16, 4.0, '2025-07-06'),
(10, 32, 4.3, '2025-07-08'),
(27, 3, 4.6, '2025-07-09'),
(7, 24, 4.1, '2025-07-01'),
(26, 40, 3.9, '2025-07-03'),
(34, 15, 4.4, '2025-07-05'),
(5, 10, 4.7, '2025-07-07'),
(35, 37, 4.2, '2025-07-02'),
(20, 6, 4.3, '2025-07-10'),
(50, 23, 4.5, '2025-07-04'),
(43, 46, 4.1, '2025-07-06'),
(18, 34, 3.8, '2025-07-09'),
(28, 17, 4.0, '2025-07-07'),
(3, 31, 4.9, '2025-07-08'),
(44, 43, 3.9, '2025-07-02'),
(16, 27, 4.4, '2025-07-03'),
(31, 45, 4.8, '2025-07-09'),
(23, 4, 3.7, '2025-07-05'),
(24, 48, 4.2, '2025-07-10'),
(32, 29, 4.3, '2025-07-06'),
(45, 50, 4.0, '2025-07-08'),
(47, 38, 4.6, '2025-07-03'),
(49, 41, 3.9, '2025-07-01'),
(37, 42, 4.1, '2025-07-07');


-- Insert Reviews

INSERT INTO Reviews (UserID, MovieID, ReviewText, ReviewDate) VALUES
(12, 19, 'Loved the characters and emotional scenes.', '2025-07-03'),
(33, 8, 'Incredible action sequences.', '2025-07-06'),
(5, 24, 'Storyline was engaging and fresh.', '2025-07-02'),
(45, 13, 'Fantastic visuals and acting.', '2025-07-07'),
(17, 33, 'A bit slow but worth the watch.', '2025-07-01'),
(22, 40, 'Powerful performances by the lead.', '2025-07-08'),
(2, 11, 'Soundtrack and cinematography were top-notch.', '2025-07-04'),
(30, 26, 'Unique and captivating plot.', '2025-07-05'),
(41, 4, 'It kept me on the edge the whole time.', '2025-07-09'),
(14, 47, 'An emotional rollercoaster.', '2025-07-03'),
(7, 35, 'Not as good as expected.', '2025-07-06'),
(48, 6, 'A visual treat with a meaningful message.', '2025-07-07'),
(28, 21, 'Loved the direction and theme.', '2025-07-10'),
(36, 1, 'It’s a masterpiece.', '2025-07-02'),
(10, 18, 'Dark, gritty, and brilliant.', '2025-07-04'),
(26, 44, 'Great rewatch value.', '2025-07-01'),
(3, 16, 'The movie was fine, but dragged in the middle.', '2025-07-05'),
(50, 7, 'Exceeded all my expectations.', '2025-07-08'),
(18, 20, 'Thought-provoking and beautifully executed.', '2025-07-06'),
(8, 29, 'A family favorite.', '2025-07-07'),
(44, 2, 'Could have had a better ending.', '2025-07-03'),
(6, 32, 'Really enjoyable with great pacing.', '2025-07-05'),
(21, 50, 'Brilliant acting by the lead star.', '2025-07-09'),
(13, 27, 'Suspenseful and intense.', '2025-07-06'),
(35, 14, 'Perfect for a movie night.', '2025-07-08'),
(1, 36, 'Outstanding storytelling.', '2025-07-02'),
(9, 3, 'One of the best movies I’ve seen.', '2025-07-01'),
(24, 46, 'Dialogue was powerful.', '2025-07-07'),
(46, 12, 'A classic.', '2025-07-10'),
(29, 30, 'Strong plot and pacing.', '2025-07-04'),
(11, 43, 'Didn’t live up to the hype.', '2025-07-05'),
(38, 31, 'It was okay.', '2025-07-03'),
(27, 5, 'Great mix of humor and heart.', '2025-07-06'),
(4, 48, 'Inspirational and moving.', '2025-07-09'),
(40, 23, 'Visually stunning.', '2025-07-07'),
(16, 49, 'Overrated in my opinion.', '2025-07-02'),
(32, 25, 'Hits all the right notes.', '2025-07-08'),
(19, 10, 'Incredible world-building.', '2025-07-04'),
(43, 15, 'Left a lasting impression.', '2025-07-06'),
(25, 28, 'Totally binge-worthy.', '2025-07-03'),
(15, 39, 'An unforgettable film.', '2025-07-05'),
(20, 22, 'Beautiful concept, well executed.', '2025-07-09'),
(42, 38, 'A feel-good experience.', '2025-07-01'),
(37, 9, 'Could watch this again and again.', '2025-07-08'),
(23, 17, 'A creative masterpiece.', '2025-07-02'),
(31, 34, 'Dark but satisfying.', '2025-07-07'),
(34, 42, 'Smart, slick, and stylish.', '2025-07-10'),
(39, 45, 'Emotionally powerful ending.', '2025-07-03'),
(49, 37, 'Leaves you thinking.', '2025-07-06'),
(47, 19, 'Just brilliant.', '2025-07-05');